Cancer_Type,Lineage,Cell_Lines,Combination_Size,Target_Position,Target_Gene,Clinical_Stage,Available_Drugs,Known_Toxicities,Full_Combination,Path_Coverage,Cost_Score
Non-Small Cell Lung Cancer,Lung,165,3,1,EGFR,approved,erlotinib; gefitinib; osimertinib; afatinib; cetuximab,rash; diarrhea; ILD,EGFR + MAP2K1 + SLC2A1,91.1%,2.75
Non-Small Cell Lung Cancer,Lung,165,3,2,MAP2K1,approved,trametinib; cobimetinib; binimetinib,rash; retinopathy,EGFR + MAP2K1 + SLC2A1,91.1%,2.75
Non-Small Cell Lung Cancer,Lung,165,3,3,SLC2A1,unknown,,,EGFR + MAP2K1 + SLC2A1,91.1%,2.75
Non-Cancerous,Lymphoid,151,3,1,E2F3,unknown,,,E2F3 + EGFR + JUNB,88.2%,2.77
Non-Cancerous,Lymphoid,151,3,2,EGFR,approved,erlotinib; gefitinib; osimertinib; afatinib; cetuximab,rash; diarrhea; ILD,E2F3 + EGFR + JUNB,88.2%,2.77
Non-Cancerous,Lymphoid,151,3,3,JUNB,unknown,,,E2F3 + EGFR + JUNB,88.2%,2.77
Melanoma,Skin,135,3,1,FERMT2,unknown,,,FERMT2 + SOX10 + STAT3,81.5%,2.49
Melanoma,Skin,135,3,2,SOX10,unknown,,,FERMT2 + SOX10 + STAT3,81.5%,2.49
Melanoma,Skin,135,3,3,STAT3,phase2,napabucasin; TTI-101; stattic,GI toxicity,FERMT2 + SOX10 + STAT3,81.5%,2.49
Mature B-Cell Neoplasms,Lymphoid,130,3,1,CCND1,unknown,,,CCND1 + MCL1 + POU2AF1,82.4%,3.95
Mature B-Cell Neoplasms,Lymphoid,130,3,2,MCL1,phase1,AMG-176; S64315,cardiotoxicity,CCND1 + MCL1 + POU2AF1,82.4%,3.95
Mature B-Cell Neoplasms,Lymphoid,130,3,3,POU2AF1,unknown,,,CCND1 + MCL1 + POU2AF1,82.4%,3.95
Diffuse Glioma,CNS/Brain,96,3,1,CCND1,unknown,,,CCND1 + CHMP4B + RPP25L,81.6%,2.80
Diffuse Glioma,CNS/Brain,96,3,2,CHMP4B,unknown,,,CCND1 + CHMP4B + RPP25L,81.6%,2.80
Diffuse Glioma,CNS/Brain,96,3,3,RPP25L,unknown,,,CCND1 + CHMP4B + RPP25L,81.6%,2.80
Colorectal Adenocarcinoma,Bowel,96,3,1,CCND1,unknown,,,CCND1 + CTNNB1 + KLF5,80.5%,2.80
Colorectal Adenocarcinoma,Bowel,96,3,2,CTNNB1,unknown,,,CCND1 + CTNNB1 + KLF5,80.5%,2.80
Colorectal Adenocarcinoma,Bowel,96,3,3,KLF5,unknown,,,CCND1 + CTNNB1 + KLF5,80.5%,2.80
Head and Neck Squamous Cell Carcinoma,Head and Neck,89,3,1,ITGB1,unknown,,,ITGB1 + PPP1R12A + STAT3,90.4%,2.73
Head and Neck Squamous Cell Carcinoma,Head and Neck,89,3,2,PPP1R12A,unknown,,,ITGB1 + PPP1R12A + STAT3,90.4%,2.73
Head and Neck Squamous Cell Carcinoma,Head and Neck,89,3,3,STAT3,phase2,napabucasin; TTI-101; stattic,GI toxicity,ITGB1 + PPP1R12A + STAT3,90.4%,2.73
Lung Neuroendocrine Tumor,Lung,85,3,1,E2F1,unknown,,,E2F1 + SKP2 + STAT3,80.6%,4.04
Lung Neuroendocrine Tumor,Lung,85,3,2,SKP2,unknown,,,E2F1 + SKP2 + STAT3,80.6%,4.04
Lung Neuroendocrine Tumor,Lung,85,3,3,STAT3,phase2,napabucasin; TTI-101; stattic,GI toxicity,E2F1 + SKP2 + STAT3,80.6%,4.04
Invasive Breast Carcinoma,Breast,82,3,1,FOXA1,unknown,,,FOXA1 + PPP1R15B + STAT3,85.7%,3.76
Invasive Breast Carcinoma,Breast,82,3,2,PPP1R15B,unknown,,,FOXA1 + PPP1R15B + STAT3,85.7%,3.76
Invasive Breast Carcinoma,Breast,82,3,3,STAT3,phase2,napabucasin; TTI-101; stattic,GI toxicity,FOXA1 + PPP1R15B + STAT3,85.7%,3.76
Esophagogastric Adenocarcinoma,Esophagus/Stomach,74,3,1,CCND1,unknown,,,CCND1 + RAB10 + SNAP23,91.1%,2.63
Esophagogastric Adenocarcinoma,Esophagus/Stomach,74,3,2,RAB10,unknown,,,CCND1 + RAB10 + SNAP23,91.1%,2.63
Esophagogastric Adenocarcinoma,Esophagus/Stomach,74,3,3,SNAP23,unknown,,,CCND1 + RAB10 + SNAP23,91.1%,2.63
Ovarian Epithelial Tumor,Ovary/Fallopian Tube,71,3,1,CCND1,unknown,,,CCND1 + CFLAR + PAX8,81.4%,3.87
Ovarian Epithelial Tumor,Ovary/Fallopian Tube,71,3,2,CFLAR,unknown,,,CCND1 + CFLAR + PAX8,81.4%,3.87
Ovarian Epithelial Tumor,Ovary/Fallopian Tube,71,3,3,PAX8,unknown,,,CCND1 + CFLAR + PAX8,81.4%,3.87
Acute Myeloid Leukemia,Myeloid,64,3,1,CBFB,unknown,,,CBFB + SPI1 + STAT3,58.6%,4.79
Acute Myeloid Leukemia,Myeloid,64,3,2,SPI1,unknown,,,CBFB + SPI1 + STAT3,58.6%,4.79
Acute Myeloid Leukemia,Myeloid,64,3,3,STAT3,phase2,napabucasin; TTI-101; stattic,GI toxicity,CBFB + SPI1 + STAT3,58.6%,4.79
Pancreatic Adenocarcinoma,Pancreas,64,3,1,KRAS,approved,sotorasib; adagrasib,diarrhea; hepatotoxicity,KRAS + STAT3 + UROD,86.4%,2.60
Pancreatic Adenocarcinoma,Pancreas,64,3,2,STAT3,phase2,napabucasin; TTI-101; stattic,GI toxicity,KRAS + STAT3 + UROD,86.4%,2.60
Pancreatic Adenocarcinoma,Pancreas,64,3,3,UROD,unknown,,,KRAS + STAT3 + UROD,86.4%,2.60
Renal Cell Carcinoma,Kidney,56,3,1,CFLAR,unknown,,,CFLAR + HNF1B + STAT3,82.5%,2.73
Renal Cell Carcinoma,Kidney,56,3,2,HNF1B,unknown,,,CFLAR + HNF1B + STAT3,82.5%,2.73
Renal Cell Carcinoma,Kidney,56,3,3,STAT3,phase2,napabucasin; TTI-101; stattic,GI toxicity,CFLAR + HNF1B + STAT3,82.5%,2.73
Neuroblastoma,Peripheral Nervous System,51,3,1,CCND1,unknown,,,CCND1 + GATA3 + LDB1,82.4%,2.42
Neuroblastoma,Peripheral Nervous System,51,3,2,GATA3,unknown,,,CCND1 + GATA3 + LDB1,82.4%,2.42
Neuroblastoma,Peripheral Nervous System,51,3,3,LDB1,unknown,,,CCND1 + GATA3 + LDB1,82.4%,2.42
Ewing Sarcoma,Bone,51,3,1,CCND1,unknown,,,CCND1 + EEFSEC + FLI1,85.4%,3.53
Ewing Sarcoma,Bone,51,3,2,EEFSEC,unknown,,,CCND1 + EEFSEC + FLI1,85.4%,3.53
Ewing Sarcoma,Bone,51,3,3,FLI1,unknown,,,CCND1 + EEFSEC + FLI1,85.4%,3.53
Intraductal Papillary Neoplasm of the Bile Duct,Biliary Tract,37,3,1,GRB2,unknown,,,GRB2 + SLC2A1 + STAT3,87.0%,2.67
Intraductal Papillary Neoplasm of the Bile Duct,Biliary Tract,37,3,2,SLC2A1,unknown,,,GRB2 + SLC2A1 + STAT3,87.0%,2.67
Intraductal Papillary Neoplasm of the Bile Duct,Biliary Tract,37,3,3,STAT3,phase2,napabucasin; TTI-101; stattic,GI toxicity,GRB2 + SLC2A1 + STAT3,87.0%,2.67
Endometrial Carcinoma,Uterus,37,3,1,MAPK3,unknown,,,MAPK3 + PAX8 + STAT3,88.6%,2.80
Endometrial Carcinoma,Uterus,37,3,2,PAX8,unknown,,,MAPK3 + PAX8 + STAT3,88.6%,2.80
Endometrial Carcinoma,Uterus,37,3,3,STAT3,phase2,napabucasin; TTI-101; stattic,GI toxicity,MAPK3 + PAX8 + STAT3,88.6%,2.80
Pleural Mesothelioma,Pleura,36,3,1,EGFR,approved,erlotinib; gefitinib; osimertinib; afatinib; cetuximab,rash; diarrhea; ILD,EGFR + ELMO2 + MAP2K1,91.1%,2.79
Pleural Mesothelioma,Pleura,36,3,2,ELMO2,unknown,,,EGFR + ELMO2 + MAP2K1,91.1%,2.79
Pleural Mesothelioma,Pleura,36,3,3,MAP2K1,approved,trametinib; cobimetinib; binimetinib,rash; retinopathy,EGFR + ELMO2 + MAP2K1,91.1%,2.79
Bladder Urothelial Carcinoma,Bladder/Urinary Tract,35,3,1,CCND1,unknown,,,CCND1 + FYN + YAP1,85.0%,2.80
Bladder Urothelial Carcinoma,Bladder/Urinary Tract,35,3,2,FYN,approved,dasatinib; saracatinib,myelosuppression,CCND1 + FYN + YAP1,85.0%,2.80
Bladder Urothelial Carcinoma,Bladder/Urinary Tract,35,3,3,YAP1,unknown,,,CCND1 + FYN + YAP1,85.0%,2.80
B-Cell Acute Lymphoblastic Leukemia,Lymphoid,32,3,1,CCND3,unknown,,,CCND3 + GCLC + STAT3,80.0%,3.80
B-Cell Acute Lymphoblastic Leukemia,Lymphoid,32,3,2,GCLC,unknown,,,CCND3 + GCLC + STAT3,80.0%,3.80
B-Cell Acute Lymphoblastic Leukemia,Lymphoid,32,3,3,STAT3,phase2,napabucasin; TTI-101; stattic,GI toxicity,CCND3 + GCLC + STAT3,80.0%,3.80
Esophageal Squamous Cell Carcinoma,Esophagus/Stomach,30,3,1,ADAR,unknown,,,ADAR + STAT3 + STX4,90.4%,2.55
Esophageal Squamous Cell Carcinoma,Esophagus/Stomach,30,3,2,STAT3,phase2,napabucasin; TTI-101; stattic,GI toxicity,ADAR + STAT3 + STX4,90.4%,2.55
Esophageal Squamous Cell Carcinoma,Esophagus/Stomach,30,3,3,STX4,unknown,,,ADAR + STAT3 + STX4,90.4%,2.55
Osteosarcoma,Bone,29,3,1,CCND1,unknown,,,CCND1 + FXN + HNRNPH1,80.9%,4.16
Osteosarcoma,Bone,29,3,2,FXN,unknown,,,CCND1 + FXN + HNRNPH1,80.9%,4.16
Osteosarcoma,Bone,29,3,3,HNRNPH1,unknown,,,CCND1 + FXN + HNRNPH1,80.9%,4.16
T-Lymphoblastic Leukemia/Lymphoma,Lymphoid,27,3,1,CCND1,unknown,,,CCND1 + LCK + NKX2-3,82.9%,2.70
T-Lymphoblastic Leukemia/Lymphoma,Lymphoid,27,3,2,LCK,unknown,,,CCND1 + LCK + NKX2-3,82.9%,2.70
T-Lymphoblastic Leukemia/Lymphoma,Lymphoid,27,3,3,NKX2-3,unknown,,,CCND1 + LCK + NKX2-3,82.9%,2.70
Rhabdomyosarcoma,Soft Tissue,25,3,1,CCND1,unknown,,,CCND1 + MCL1 + MMGT1,82.8%,2.55
Rhabdomyosarcoma,Soft Tissue,25,3,2,MCL1,phase1,AMG-176; S64315,cardiotoxicity,CCND1 + MCL1 + MMGT1,82.8%,2.55
Rhabdomyosarcoma,Soft Tissue,25,3,3,MMGT1,unknown,,,CCND1 + MCL1 + MMGT1,82.8%,2.55
Hepatocellular Carcinoma,Liver,24,3,1,CCND1,unknown,,,CCND1 + FYN + GRB2,89.7%,2.61
Hepatocellular Carcinoma,Liver,24,3,2,FYN,approved,dasatinib; saracatinib,myelosuppression,CCND1 + FYN + GRB2,89.7%,2.61
Hepatocellular Carcinoma,Liver,24,3,3,GRB2,unknown,,,CCND1 + FYN + GRB2,89.7%,2.61
Embryonal Tumor,CNS/Brain,21,3,1,CDK4,approved,palbociclib; ribociclib; abemaciclib,neutropenia,CDK4 + CDK6 + MCL1,82.9%,2.70
Embryonal Tumor,CNS/Brain,21,3,2,CDK6,approved,palbociclib; ribociclib; abemaciclib,neutropenia,CDK4 + CDK6 + MCL1,82.9%,2.70
Embryonal Tumor,CNS/Brain,21,3,3,MCL1,phase1,AMG-176; S64315,cardiotoxicity,CDK4 + CDK6 + MCL1,82.9%,2.70
Myeloproliferative Neoplasms,Myeloid,18,3,1,GAB2,unknown,,,GAB2 + SOS1 + STAT3,85.7%,2.77
Myeloproliferative Neoplasms,Myeloid,18,3,2,SOS1,unknown,,,GAB2 + SOS1 + STAT3,85.7%,2.77
Myeloproliferative Neoplasms,Myeloid,18,3,3,STAT3,phase2,napabucasin; TTI-101; stattic,GI toxicity,GAB2 + SOS1 + STAT3,85.7%,2.77
Mature T and NK Neoplasms,Lymphoid,17,3,1,RPL15,unknown,,,RPL15 + RPL21 + STAT3,83.8%,0.80
Mature T and NK Neoplasms,Lymphoid,17,3,2,RPL21,unknown,,,RPL15 + RPL21 + STAT3,83.8%,0.80
Mature T and NK Neoplasms,Lymphoid,17,3,3,STAT3,phase2,napabucasin; TTI-101; stattic,GI toxicity,RPL15 + RPL21 + STAT3,83.8%,0.80
Non-Hodgkin Lymphoma,Lymphoid,16,3,1,CDK4,approved,palbociclib; ribociclib; abemaciclib,neutropenia,CDK4 + CDK6 + NFKB1,81.2%,2.62
Non-Hodgkin Lymphoma,Lymphoid,16,3,2,CDK6,approved,palbociclib; ribociclib; abemaciclib,neutropenia,CDK4 + CDK6 + NFKB1,81.2%,2.62
Non-Hodgkin Lymphoma,Lymphoid,16,3,3,NFKB1,unknown,,,CDK4 + CDK6 + NFKB1,81.2%,2.62
Rhabdoid Cancer,Kidney,16,3,1,CCND1,unknown,,,CCND1 + DCLRE1B + UBE2D3,81.6%,2.68
Rhabdoid Cancer,Kidney,16,3,2,DCLRE1B,unknown,,,CCND1 + DCLRE1B + UBE2D3,81.6%,2.68
Rhabdoid Cancer,Kidney,16,3,3,UBE2D3,unknown,,,CCND1 + DCLRE1B + UBE2D3,81.6%,2.68
Ocular Melanoma,Eye,15,3,1,ANKUB1,unknown,,,ANKUB1 + CCND1 + E2F3,83.3%,2.29
Ocular Melanoma,Eye,15,3,2,CCND1,unknown,,,ANKUB1 + CCND1 + E2F3,83.3%,2.29
Ocular Melanoma,Eye,15,3,3,E2F3,unknown,,,ANKUB1 + CCND1 + E2F3,83.3%,2.29
Cervical Squamous Cell Carcinoma,Cervix,15,3,1,ZER1,unknown,,,E2F3 + STAT3 + ZER1,84.6%,3.64
Cervical Squamous Cell Carcinoma,Cervix,15,3,2,E2F3,unknown,,,E2F3 + STAT3 + ZER1,84.6%,3.64
Cervical Squamous Cell Carcinoma,Cervix,15,3,3,STAT3,phase2,napabucasin; TTI-101; stattic,GI toxicity,E2F3 + STAT3 + ZER1,84.6%,3.64
Liposarcoma,Soft Tissue,13,3,1,CCND1,unknown,,,CCND1 + FGFR1 + GRB2,85.4%,2.20
Liposarcoma,Soft Tissue,13,3,2,FGFR1,approved,erdafitinib; pemigatinib,,CCND1 + FGFR1 + GRB2,85.4%,2.20
Liposarcoma,Soft Tissue,13,3,3,GRB2,unknown,,,CCND1 + FGFR1 + GRB2,85.4%,2.20
Anaplastic Thyroid Cancer,Thyroid,13,3,1,SEPHS2,unknown,,,SEPHS2 + STAT3 + YAP1,82.0%,2.58
Anaplastic Thyroid Cancer,Thyroid,13,3,2,STAT3,phase2,napabucasin; TTI-101; stattic,GI toxicity,SEPHS2 + STAT3 + YAP1,82.0%,2.58
Anaplastic Thyroid Cancer,Thyroid,13,3,3,YAP1,unknown,,,SEPHS2 + STAT3 + YAP1,82.0%,2.58
Non-Seminomatous Germ Cell Tumor,Testis,12,3,1,CCND1,unknown,,,CCND1 + FYN + PARP1,84.1%,4.18
Non-Seminomatous Germ Cell Tumor,Testis,12,3,2,FYN,approved,dasatinib; saracatinib,myelosuppression,CCND1 + FYN + PARP1,84.1%,4.18
Non-Seminomatous Germ Cell Tumor,Testis,12,3,3,PARP1,approved,olaparib; rucaparib; niraparib; talazoparib,anemia; nausea,CCND1 + FYN + PARP1,84.1%,4.18
Leiomyosarcoma,Soft Tissue,11,3,1,EGFR,approved,erlotinib; gefitinib; osimertinib; afatinib; cetuximab,rash; diarrhea; ILD,EGFR + KRAS + PTK2,81.6%,2.74
Leiomyosarcoma,Soft Tissue,11,3,2,KRAS,approved,sotorasib; adagrasib,diarrhea; hepatotoxicity,EGFR + KRAS + PTK2,81.6%,2.74
Leiomyosarcoma,Soft Tissue,11,3,3,PTK2,unknown,,,EGFR + KRAS + PTK2,81.6%,2.74
Synovial Sarcoma,Soft Tissue,10,3,1,SPECC1L,unknown,,,SPECC1L + STAT3 + YAP1,89.7%,2.77
Synovial Sarcoma,Soft Tissue,10,3,2,STAT3,phase2,napabucasin; TTI-101; stattic,GI toxicity,SPECC1L + STAT3 + YAP1,89.7%,2.77
Synovial Sarcoma,Soft Tissue,10,3,3,YAP1,unknown,,,SPECC1L + STAT3 + YAP1,89.7%,2.77
Chondrosarcoma,Bone,9,3,1,BCAR1,unknown,,,BCAR1 + CCNE2 + MET,83.3%,2.17
Chondrosarcoma,Bone,9,3,2,CCNE2,unknown,,,BCAR1 + CCNE2 + MET,83.3%,2.17
Chondrosarcoma,Bone,9,3,3,MET,approved,capmatinib; tepotinib; crizotinib; cabozantinib,edema; nausea,BCAR1 + CCNE2 + MET,83.3%,2.17
Nerve Sheath Tumor,Peripheral Nervous System,9,3,1,CCND1,unknown,,,CCND1 + FGFR1 + GRB2,93.0%,2.80
Nerve Sheath Tumor,Peripheral Nervous System,9,3,2,FGFR1,approved,erdafitinib; pemigatinib,,CCND1 + FGFR1 + GRB2,93.0%,2.80
Nerve Sheath Tumor,Peripheral Nervous System,9,3,3,GRB2,unknown,,,CCND1 + FGFR1 + GRB2,93.0%,2.80
Hodgkin Lymphoma,Lymphoid,9,3,1,CCND1,unknown,,,CCND1 + CFL1 + JAK1,82.8%,2.30
Hodgkin Lymphoma,Lymphoid,9,3,2,CFL1,unknown,,,CCND1 + CFL1 + JAK1,82.8%,2.30
Hodgkin Lymphoma,Lymphoid,9,3,3,JAK1,approved,ruxolitinib; tofacitinib; baricitinib,infections; thrombosis,CCND1 + CFL1 + JAK1,82.8%,2.30
Well-Differentiated Thyroid Cancer,Thyroid,9,3,1,E2F3,unknown,,,E2F3 + EGFR + SOCS3,84.8%,2.80
Well-Differentiated Thyroid Cancer,Thyroid,9,3,2,EGFR,approved,erlotinib; gefitinib; osimertinib; afatinib; cetuximab,rash; diarrhea; ILD,E2F3 + EGFR + SOCS3,84.8%,2.80
Well-Differentiated Thyroid Cancer,Thyroid,9,3,3,SOCS3,unknown,,,E2F3 + EGFR + SOCS3,84.8%,2.80
Undifferentiated Pleomorphic Sarcoma/Malignant Fibrous Histiocytoma/High-Grade Spindle Cell Sarcoma,Soft Tissue,9,3,1,CCND1,unknown,,,CCND1 + FGFR1 + FYN,82.9%,2.53
Undifferentiated Pleomorphic Sarcoma/Malignant Fibrous Histiocytoma/High-Grade Spindle Cell Sarcoma,Soft Tissue,9,3,2,FGFR1,approved,erdafitinib; pemigatinib,,CCND1 + FGFR1 + FYN,82.9%,2.53
Undifferentiated Pleomorphic Sarcoma/Malignant Fibrous Histiocytoma/High-Grade Spindle Cell Sarcoma,Soft Tissue,9,3,3,FYN,approved,dasatinib; saracatinib,myelosuppression,CCND1 + FGFR1 + FYN,82.9%,2.53
Merkel Cell Carcinoma,Skin,8,3,1,CCNE1,unknown,,,CCNE1 + PTK2 + YAP1,81.2%,2.60
Merkel Cell Carcinoma,Skin,8,3,2,PTK2,unknown,,,CCNE1 + PTK2 + YAP1,81.2%,2.60
Merkel Cell Carcinoma,Skin,8,3,3,YAP1,unknown,,,CCNE1 + PTK2 + YAP1,81.2%,2.60
Intracholecystic Papillary Neoplasm,Biliary Tract,7,3,1,RAF1,unknown,,,RAF1 + SREBF1 + STAT3,80.9%,1.26
Intracholecystic Papillary Neoplasm,Biliary Tract,7,3,2,SREBF1,unknown,,,RAF1 + SREBF1 + STAT3,80.9%,1.26
Intracholecystic Papillary Neoplasm,Biliary Tract,7,3,3,STAT3,phase2,napabucasin; TTI-101; stattic,GI toxicity,RAF1 + SREBF1 + STAT3,80.9%,1.26
Cervical Adenocarcinoma,Cervix,7,3,1,CTNNB1,unknown,,,CTNNB1 + EGFR + TGIF1,81.0%,2.76
Cervical Adenocarcinoma,Cervix,7,3,2,EGFR,approved,erlotinib; gefitinib; osimertinib; afatinib; cetuximab,rash; diarrhea; ILD,CTNNB1 + EGFR + TGIF1,81.0%,2.76
Cervical Adenocarcinoma,Cervix,7,3,3,TGIF1,unknown,,,CTNNB1 + EGFR + TGIF1,81.0%,2.76
Cutaneous Squamous Cell Carcinoma,Skin,6,3,1,PXN,unknown,,,PXN + SNAI2 + STAT3,82.1%,1.49
Cutaneous Squamous Cell Carcinoma,Skin,6,3,2,SNAI2,unknown,,,PXN + SNAI2 + STAT3,82.1%,1.49
Cutaneous Squamous Cell Carcinoma,Skin,6,3,3,STAT3,phase2,napabucasin; TTI-101; stattic,GI toxicity,PXN + SNAI2 + STAT3,82.1%,1.49
Breast Ductal Carcinoma In Situ,Breast,6,3,1,ERBB2,approved,trastuzumab; pertuzumab; lapatinib; tucatinib,cardiotoxicity,ERBB2 + MET + SREBF1,83.0%,2.72
Breast Ductal Carcinoma In Situ,Breast,6,3,2,MET,approved,capmatinib; tepotinib; crizotinib; cabozantinib,edema; nausea,ERBB2 + MET + SREBF1,83.0%,2.72
Breast Ductal Carcinoma In Situ,Breast,6,3,3,SREBF1,unknown,,,ERBB2 + MET + SREBF1,83.0%,2.72
Prostate Adenocarcinoma,Prostate,6,3,1,ANKUB1,unknown,,,ANKUB1 + CCND1 + NPIPB11,82.9%,1.90
Prostate Adenocarcinoma,Prostate,6,3,2,CCND1,unknown,,,ANKUB1 + CCND1 + NPIPB11,82.9%,1.90
Prostate Adenocarcinoma,Prostate,6,3,3,NPIPB11,unknown,,,ANKUB1 + CCND1 + NPIPB11,82.9%,1.90
Ampullary Carcinoma,Ampulla of Vater,5,3,1,CTNNB1,unknown,,,CTNNB1 + SLC2A1 + STAT3,80.9%,1.30
Ampullary Carcinoma,Ampulla of Vater,5,3,2,SLC2A1,unknown,,,CTNNB1 + SLC2A1 + STAT3,80.9%,1.30
Ampullary Carcinoma,Ampulla of Vater,5,3,3,STAT3,phase2,napabucasin; TTI-101; stattic,GI toxicity,CTNNB1 + SLC2A1 + STAT3,80.9%,1.30
"Breast Neoplasm, NOS",Breast,4,3,1,BCL2L1,phase2,navitoclax,thrombocytopenia,BCL2L1 + MET + PXN,83.3%,2.52
"Breast Neoplasm, NOS",Breast,4,3,2,MET,approved,capmatinib; tepotinib; crizotinib; cabozantinib,edema; nausea,BCL2L1 + MET + PXN,83.3%,2.52
"Breast Neoplasm, NOS",Breast,4,3,3,PXN,unknown,,,BCL2L1 + MET + PXN,83.3%,2.52
Uterine Sarcoma/Mesenchymal,Uterus,4,3,1,E2F3,unknown,,,E2F3 + EGFR + TFCP2L1,85.7%,2.80
Uterine Sarcoma/Mesenchymal,Uterus,4,3,2,EGFR,approved,erlotinib; gefitinib; osimertinib; afatinib; cetuximab,rash; diarrhea; ILD,E2F3 + EGFR + TFCP2L1,85.7%,2.80
Uterine Sarcoma/Mesenchymal,Uterus,4,3,3,TFCP2L1,unknown,,,E2F3 + EGFR + TFCP2L1,85.7%,2.80
Meningothelial Tumor,CNS/Brain,4,3,1,CDK4,approved,palbociclib; ribociclib; abemaciclib,neutropenia,CDK4 + CDK6 + MCL1,81.8%,2.67
Meningothelial Tumor,CNS/Brain,4,3,2,CDK6,approved,palbociclib; ribociclib; abemaciclib,neutropenia,CDK4 + CDK6 + MCL1,81.8%,2.67
Meningothelial Tumor,CNS/Brain,4,3,3,MCL1,phase1,AMG-176; S64315,cardiotoxicity,CDK4 + CDK6 + MCL1,81.8%,2.67
SMARCA4-deficient undifferentiated tumor,Lung,4,3,1,CDK6,approved,palbociclib; ribociclib; abemaciclib,neutropenia,CDK6 + ERBB2 + PTK2,83.3%,1.48
SMARCA4-deficient undifferentiated tumor,Lung,4,3,2,ERBB2,approved,trastuzumab; pertuzumab; lapatinib; tucatinib,cardiotoxicity,CDK6 + ERBB2 + PTK2,83.3%,1.48
SMARCA4-deficient undifferentiated tumor,Lung,4,3,3,PTK2,unknown,,,CDK6 + ERBB2 + PTK2,83.3%,1.48
Acute Leukemias of Ambiguous Lineage,Myeloid,3,3,1,CDK6,approved,palbociclib; ribociclib; abemaciclib,neutropenia,CDK6 + MAP2K1 + STAT5A,100.0%,1.50
Acute Leukemias of Ambiguous Lineage,Myeloid,3,3,2,MAP2K1,approved,trametinib; cobimetinib; binimetinib,rash; retinopathy,CDK6 + MAP2K1 + STAT5A,100.0%,1.50
Acute Leukemias of Ambiguous Lineage,Myeloid,3,3,3,STAT5A,unknown,,,CDK6 + MAP2K1 + STAT5A,100.0%,1.50
Mucosal Melanoma of the Vulva/Vagina,Vulva/Vagina,3,3,1,BRAF,approved,vemurafenib; dabrafenib; encorafenib,rash; photosensitivity,BRAF + CDK6 + ERBB2,81.0%,1.00
Mucosal Melanoma of the Vulva/Vagina,Vulva/Vagina,3,3,2,CDK6,approved,palbociclib; ribociclib; abemaciclib,neutropenia,BRAF + CDK6 + ERBB2,81.0%,1.00
Mucosal Melanoma of the Vulva/Vagina,Vulva/Vagina,3,3,3,ERBB2,approved,trastuzumab; pertuzumab; lapatinib; tucatinib,cardiotoxicity,BRAF + CDK6 + ERBB2,81.0%,1.00
Hepatoblastoma,Liver,3,3,1,MAPK1,unknown,,,MAPK1 + MCL1 + MEK1,83.3%,1.00
Hepatoblastoma,Liver,3,3,2,MCL1,phase1,AMG-176; S64315,cardiotoxicity,MAPK1 + MCL1 + MEK1,83.3%,1.00
Hepatoblastoma,Liver,3,3,3,MEK1,unknown,,,MAPK1 + MCL1 + MEK1,83.3%,1.00
"Head and Neck Carcinoma, Other",Head and Neck,3,3,1,CDK6,approved,palbociclib; ribociclib; abemaciclib,neutropenia,CDK6 + ERBB2 + YAP1,83.3%,2.80
"Head and Neck Carcinoma, Other",Head and Neck,3,3,2,ERBB2,approved,trastuzumab; pertuzumab; lapatinib; tucatinib,cardiotoxicity,CDK6 + ERBB2 + YAP1,83.3%,2.80
"Head and Neck Carcinoma, Other",Head and Neck,3,3,3,YAP1,unknown,,,CDK6 + ERBB2 + YAP1,83.3%,2.80
Fibrosarcoma,Soft Tissue,3,3,1,ERBB2,approved,trastuzumab; pertuzumab; lapatinib; tucatinib,cardiotoxicity,ERBB2 + MAPK1 + MET,80.4%,2.54
Fibrosarcoma,Soft Tissue,3,3,2,MAPK1,unknown,,,ERBB2 + MAPK1 + MET,80.4%,2.54
Fibrosarcoma,Soft Tissue,3,3,3,MET,approved,capmatinib; tepotinib; crizotinib; cabozantinib,edema; nausea,ERBB2 + MAPK1 + MET,80.4%,2.54
Gestational Trophoblastic Disease,Uterus,3,3,1,CCND1,unknown,,,CCND1 + MCL1 + YAP1,83.3%,2.70
Gestational Trophoblastic Disease,Uterus,3,3,2,MCL1,phase1,AMG-176; S64315,cardiotoxicity,CCND1 + MCL1 + YAP1,83.3%,2.70
Gestational Trophoblastic Disease,Uterus,3,3,3,YAP1,unknown,,,CCND1 + MCL1 + YAP1,83.3%,2.70
Epithelioid Sarcoma,Soft Tissue,2,3,1,ERBB2,approved,trastuzumab; pertuzumab; lapatinib; tucatinib,cardiotoxicity,ERBB2 + MAP2K1 + MET,83.3%,1.50
Epithelioid Sarcoma,Soft Tissue,2,3,2,MAP2K1,approved,trametinib; cobimetinib; binimetinib,rash; retinopathy,ERBB2 + MAP2K1 + MET,83.3%,1.50
Epithelioid Sarcoma,Soft Tissue,2,3,3,MET,approved,capmatinib; tepotinib; crizotinib; cabozantinib,edema; nausea,ERBB2 + MAP2K1 + MET,83.3%,1.50
Salivary Carcinoma,Head and Neck,2,3,1,CDK4,approved,palbociclib; ribociclib; abemaciclib,neutropenia,CDK4 + CDK6 + MCL1,84.0%,2.32
Salivary Carcinoma,Head and Neck,2,3,2,CDK6,approved,palbociclib; ribociclib; abemaciclib,neutropenia,CDK4 + CDK6 + MCL1,84.0%,2.32
Salivary Carcinoma,Head and Neck,2,3,3,MCL1,phase1,AMG-176; S64315,cardiotoxicity,CDK4 + CDK6 + MCL1,84.0%,2.32
Extra Gonadal Germ Cell Tumor,Other,2,3,1,CCNE1,unknown,,,CCNE1 + MCL1 + RPS6KB1,81.5%,2.48
Extra Gonadal Germ Cell Tumor,Other,2,3,2,MCL1,phase1,AMG-176; S64315,cardiotoxicity,CCNE1 + MCL1 + RPS6KB1,81.5%,2.48
Extra Gonadal Germ Cell Tumor,Other,2,3,3,RPS6KB1,unknown,,,CCNE1 + MCL1 + RPS6KB1,81.5%,2.48
Adenosquamous Carcinoma of the Pancreas,Pancreas,2,3,1,CDK6,approved,palbociclib; ribociclib; abemaciclib,neutropenia,CDK6 + ERBB2 + PTK2,86.0%,1.00
Adenosquamous Carcinoma of the Pancreas,Pancreas,2,3,2,ERBB2,approved,trastuzumab; pertuzumab; lapatinib; tucatinib,cardiotoxicity,CDK6 + ERBB2 + PTK2,86.0%,1.00
Adenosquamous Carcinoma of the Pancreas,Pancreas,2,3,3,PTK2,unknown,,,CDK6 + ERBB2 + PTK2,86.0%,1.00
Clear Cell Sarcoma,Soft Tissue,2,3,1,CDK4,approved,palbociclib; ribociclib; abemaciclib,neutropenia,CDK4 + ERBB3 + GRB2,84.2%,1.00
Clear Cell Sarcoma,Soft Tissue,2,3,2,ERBB3,preclinical,,,CDK4 + ERBB3 + GRB2,84.2%,1.00
Clear Cell Sarcoma,Soft Tissue,2,3,3,GRB2,unknown,,,CDK4 + ERBB3 + GRB2,84.2%,1.00
Adrenocortical Carcinoma,Adrenal Gland,2,3,1,CCNE1,unknown,,,CCNE1 + CDK6 + MCL1,80.6%,1.50
Adrenocortical Carcinoma,Adrenal Gland,2,3,2,CDK6,approved,palbociclib; ribociclib; abemaciclib,neutropenia,CCNE1 + CDK6 + MCL1,80.6%,1.50
Adrenocortical Carcinoma,Adrenal Gland,2,3,3,MCL1,phase1,AMG-176; S64315,cardiotoxicity,CCNE1 + CDK6 + MCL1,80.6%,1.50
Squamous Cell Carcinoma of the Vulva/Vagina,Vulva/Vagina,2,3,1,CDK6,approved,palbociclib; ribociclib; abemaciclib,neutropenia,CDK6 + ERBB2 + PXN,86.4%,1.50
Squamous Cell Carcinoma of the Vulva/Vagina,Vulva/Vagina,2,3,2,ERBB2,approved,trastuzumab; pertuzumab; lapatinib; tucatinib,cardiotoxicity,CDK6 + ERBB2 + PXN,86.4%,1.50
Squamous Cell Carcinoma of the Vulva/Vagina,Vulva/Vagina,2,3,3,PXN,unknown,,,CDK6 + ERBB2 + PXN,86.4%,1.50
Bladder Squamous Cell Carcinoma,Bladder/Urinary Tract,2,3,1,E2F3,unknown,,,E2F3 + ERBB2 + PXN,81.6%,1.20
Bladder Squamous Cell Carcinoma,Bladder/Urinary Tract,2,3,2,ERBB2,approved,trastuzumab; pertuzumab; lapatinib; tucatinib,cardiotoxicity,E2F3 + ERBB2 + PXN,81.6%,1.20
Bladder Squamous Cell Carcinoma,Bladder/Urinary Tract,2,3,3,PXN,unknown,,,E2F3 + ERBB2 + PXN,81.6%,1.20
Urethral Cancer,Bladder/Urinary Tract,2,3,1,ERBB2,approved,trastuzumab; pertuzumab; lapatinib; tucatinib,cardiotoxicity,ERBB2 + MAP2K1 + MET,82.9%,2.71
Urethral Cancer,Bladder/Urinary Tract,2,3,2,MAP2K1,approved,trametinib; cobimetinib; binimetinib,rash; retinopathy,ERBB2 + MAP2K1 + MET,82.9%,2.71
Urethral Cancer,Bladder/Urinary Tract,2,3,3,MET,approved,capmatinib; tepotinib; crizotinib; cabozantinib,edema; nausea,ERBB2 + MAP2K1 + MET,82.9%,2.71
Retinoblastoma,Eye,2,3,1,FOXM1,unknown,,,FOXM1 + IRS2 + STAT5A,91.7%,3.90
Retinoblastoma,Eye,2,3,2,IRS2,unknown,,,FOXM1 + IRS2 + STAT5A,91.7%,3.90
Retinoblastoma,Eye,2,3,3,STAT5A,unknown,,,FOXM1 + IRS2 + STAT5A,91.7%,3.90
Poorly Differentiated Thyroid Cancer,Thyroid,1,3,1,BCL2L1,phase2,navitoclax,thrombocytopenia,BCL2L1 + BRAF + MET,83.8%,1.43
Poorly Differentiated Thyroid Cancer,Thyroid,1,3,2,BRAF,approved,vemurafenib; dabrafenib; encorafenib,rash; photosensitivity,BCL2L1 + BRAF + MET,83.8%,1.43
Poorly Differentiated Thyroid Cancer,Thyroid,1,3,3,MET,approved,capmatinib; tepotinib; crizotinib; cabozantinib,edema; nausea,BCL2L1 + BRAF + MET,83.8%,1.43
Mixed Cervical Carcinoma,Cervix,1,3,1,GRB2,unknown,,,GRB2 + MEK1 + SREBF1,100.0%,1.20
Mixed Cervical Carcinoma,Cervix,1,3,2,MEK1,unknown,,,GRB2 + MEK1 + SREBF1,100.0%,1.20
Mixed Cervical Carcinoma,Cervix,1,3,3,SREBF1,unknown,,,GRB2 + MEK1 + SREBF1,100.0%,1.20
Glassy Cell Carcinoma of the Cervix,Cervix,1,3,1,CDK4,approved,palbociclib; ribociclib; abemaciclib,neutropenia,CDK4 + MAP2K1 + MCL1,81.8%,2.42
Glassy Cell Carcinoma of the Cervix,Cervix,1,3,2,MAP2K1,approved,trametinib; cobimetinib; binimetinib,rash; retinopathy,CDK4 + MAP2K1 + MCL1,81.8%,2.42
Glassy Cell Carcinoma of the Cervix,Cervix,1,3,3,MCL1,phase1,AMG-176; S64315,cardiotoxicity,CDK4 + MAP2K1 + MCL1,81.8%,2.42
Hepatocellular Carcinoma plus Intrahepatic Cholangiocarcinoma,Liver,1,3,1,GAB2,unknown,,,GAB2 + MAP2K2 + STAT3,100.0%,1.50
Hepatocellular Carcinoma plus Intrahepatic Cholangiocarcinoma,Liver,1,3,2,MAP2K2,approved,trametinib; cobimetinib; binimetinib,rash,GAB2 + MAP2K2 + STAT3,100.0%,1.50
Hepatocellular Carcinoma plus Intrahepatic Cholangiocarcinoma,Liver,1,3,3,STAT3,phase2,napabucasin; TTI-101; stattic,GI toxicity,GAB2 + MAP2K2 + STAT3,100.0%,1.50
"Sarcoma, NOS",Soft Tissue,1,3,1,CDK6,approved,palbociclib; ribociclib; abemaciclib,neutropenia,CDK6 + ERBB2 + MET,81.6%,1.30
"Sarcoma, NOS",Soft Tissue,1,3,2,ERBB2,approved,trastuzumab; pertuzumab; lapatinib; tucatinib,cardiotoxicity,CDK6 + ERBB2 + MET,81.6%,1.30
"Sarcoma, NOS",Soft Tissue,1,3,3,MET,approved,capmatinib; tepotinib; crizotinib; cabozantinib,edema; nausea,CDK6 + ERBB2 + MET,81.6%,1.30
Ovarian Germ Cell Tumor,Ovary/Fallopian Tube,1,3,1,CDK4,approved,palbociclib; ribociclib; abemaciclib,neutropenia,CDK4 + DUSP6 + PTK2,86.0%,2.71
Ovarian Germ Cell Tumor,Ovary/Fallopian Tube,1,3,2,DUSP6,unknown,,,CDK4 + DUSP6 + PTK2,86.0%,2.71
Ovarian Germ Cell Tumor,Ovary/Fallopian Tube,1,3,3,PTK2,unknown,,,CDK4 + DUSP6 + PTK2,86.0%,2.71
Giant Cell Tumor of Bone,Bone,1,3,1,CDK4,approved,palbociclib; ribociclib; abemaciclib,neutropenia,CDK4 + CDK6 + PTK2,86.0%,1.50
Giant Cell Tumor of Bone,Bone,1,3,2,CDK6,approved,palbociclib; ribociclib; abemaciclib,neutropenia,CDK4 + CDK6 + PTK2,86.0%,1.50
Giant Cell Tumor of Bone,Bone,1,3,3,PTK2,unknown,,,CDK4 + CDK6 + PTK2,86.0%,1.50
